date,dow,weekday,holiday,rain,day_index
2026-08-14,4,Fri,,0,0
2026-08-15,5,Sat,Independence Day,0,1
2026-08-16,6,Sun,,0,2
2026-08-17,0,Mon,,1,3
2026-08-18,1,Tue,,1,4
2026-08-19,2,Wed,,0,5
2026-08-20,3,Thu,,1,6
2026-08-21,4,Fri,,0,7
2026-08-22,5,Sat,,0,8
2026-08-23,6,Sun,,0,9
2026-08-24,0,Mon,,1,10
2026-08-25,1,Tue,,1,11
2026-08-26,2,Wed,,1,12
2026-08-27,3,Thu,,1,13
2026-08-28,4,Fri,,0,14
2026-08-29,5,Sat,,0,15
2026-08-30,6,Sun,,0,16
2026-08-31,0,Mon,,0,17
2026-09-01,1,Tue,,0,18
2026-09-02,2,Wed,,0,19
2026-09-03,3,Thu,,1,20
2026-09-04,4,Fri,,1,21
2026-09-05,5,Sat,,0,22
2026-09-06,6,Sun,,1,23
2026-09-07,0,Mon,,1,24
2026-09-08,1,Tue,,0,25
2026-09-09,2,Wed,,0,26
2026-09-10,3,Thu,,0,27
2026-09-11,4,Fri,,0,28
2026-09-12,5,Sat,,0,29
2026-09-13,6,Sun,,0,30
2026-09-14,0,Mon,Ganesh Chaturthi,1,31
2026-09-15,1,Tue,,1,32
2026-09-16,2,Wed,,1,33
2026-09-17,3,Thu,,0,34
2026-09-18,4,Fri,,1,35
2026-09-19,5,Sat,,0,36
2026-09-20,6,Sun,,1,37
2026-09-21,0,Mon,,0,38
2026-09-22,1,Tue,,1,39
2026-09-23,2,Wed,,1,40
2026-09-24,3,Thu,,0,41
2026-09-25,4,Fri,,0,42
2026-09-26,5,Sat,,0,43
2026-09-27,6,Sun,,0,44
2026-09-28,0,Mon,,0,45
2026-09-29,1,Tue,,1,46
2026-09-30,2,Wed,,0,47
2026-10-01,3,Thu,,0,48
2026-10-02,4,Fri,Gandhi Jayanti,0,49
2026-10-03,5,Sat,,0,50
2026-10-04,6,Sun,,0,51
2026-10-05,0,Mon,,1,52
2026-10-06,1,Tue,,0,53
2026-10-07,2,Wed,,0,54
2026-10-08,3,Thu,,1,55
2026-10-09,4,Fri,,0,56
