date,kitchen,slot,stations_planned
2026-10-09,Koramangala,Breakfast,2
2026-10-09,Koramangala,Lunch,8
2026-10-09,Koramangala,Snacks,4
2026-10-09,Koramangala,Dinner,9
2026-10-09,Koramangala,Late night,4
2026-10-09,HSR Layout,Breakfast,2
2026-10-09,HSR Layout,Lunch,7
2026-10-09,HSR Layout,Snacks,3
2026-10-09,HSR Layout,Dinner,8
2026-10-09,HSR Layout,Late night,3
2026-10-09,Indiranagar,Breakfast,2
2026-10-09,Indiranagar,Lunch,7
2026-10-09,Indiranagar,Snacks,3
2026-10-09,Indiranagar,Dinner,8
2026-10-09,Indiranagar,Late night,3
2026-10-09,Whitefield,Breakfast,2
2026-10-09,Whitefield,Lunch,6
2026-10-09,Whitefield,Snacks,3
2026-10-09,Whitefield,Dinner,5
2026-10-09,Whitefield,Late night,3
2026-10-09,Bellandur,Breakfast,2
2026-10-09,Bellandur,Lunch,6
2026-10-09,Bellandur,Snacks,3
2026-10-09,Bellandur,Dinner,7
2026-10-09,Bellandur,Late night,3
2026-10-09,Electronic City,Breakfast,2
2026-10-09,Electronic City,Lunch,6
2026-10-09,Electronic City,Snacks,3
2026-10-09,Electronic City,Dinner,7
2026-10-09,Electronic City,Late night,3
2026-10-09,JP Nagar,Breakfast,2
2026-10-09,JP Nagar,Lunch,6
2026-10-09,JP Nagar,Snacks,3
2026-10-09,JP Nagar,Dinner,7
2026-10-09,JP Nagar,Late night,3
2026-10-09,Jayanagar,Breakfast,2
2026-10-09,Jayanagar,Lunch,6
2026-10-09,Jayanagar,Snacks,3
2026-10-09,Jayanagar,Dinner,7
2026-10-09,Jayanagar,Late night,3
2026-10-09,Marathahalli,Breakfast,2
2026-10-09,Marathahalli,Lunch,6
2026-10-09,Marathahalli,Snacks,3
2026-10-09,Marathahalli,Dinner,7
2026-10-09,Marathahalli,Late night,3
2026-10-09,Hebbal,Breakfast,2
2026-10-09,Hebbal,Lunch,6
2026-10-09,Hebbal,Snacks,3
2026-10-09,Hebbal,Dinner,7
2026-10-09,Hebbal,Late night,3
