date,kitchen,slot,orders,pred_p50,pred_p90,actual,late_share,pred_late_share,stations,peak_queue
2026-10-02,Bellandur,Breakfast,14,7.958,9.437,8.212,0.0,0.0,2,2
2026-10-02,Bellandur,Dinner,139,9.451,11.285,9.494,0.043,0.029,7,12
2026-10-02,Bellandur,Late night,49,7.554,9.237,7.573,0.02,0.02,3,4
2026-10-02,Bellandur,Lunch,60,8.454,9.99,8.501,0.0,0.0,6,6
2026-10-02,Bellandur,Snacks,35,8.183,9.762,8.709,0.057,0.057,3,7
2026-10-02,Electronic City,Breakfast,8,7.287,8.606,7.448,0.0,0.0,2,1
2026-10-02,Electronic City,Dinner,95,9.29,11.112,9.254,0.074,0.053,7,10
2026-10-02,Electronic City,Late night,17,7.308,8.66,7.348,0.0,0.0,3,2
2026-10-02,Electronic City,Lunch,50,8.553,10.153,8.402,0.0,0.02,6,7
2026-10-02,Electronic City,Snacks,18,6.397,7.532,6.856,0.0,0.0,3,2
2026-10-02,HSR Layout,Breakfast,15,7.385,8.794,7.313,0.0,0.0,2,2
2026-10-02,HSR Layout,Dinner,144,9.559,11.452,9.75,0.056,0.028,8,14
2026-10-02,HSR Layout,Late night,43,8.583,10.619,8.786,0.07,0.07,3,5
2026-10-02,HSR Layout,Lunch,62,7.989,9.455,8.03,0.016,0.0,7,7
2026-10-02,HSR Layout,Snacks,42,7.161,8.75,7.438,0.0,0.0,3,5
2026-10-02,Hebbal,Breakfast,11,7.236,8.519,7.46,0.0,0.0,2,1
2026-10-02,Hebbal,Dinner,122,9.711,11.622,9.833,0.082,0.049,7,10
2026-10-02,Hebbal,Late night,39,9.458,11.797,9.673,0.128,0.077,3,7
2026-10-02,Hebbal,Lunch,59,8.576,10.228,8.781,0.017,0.017,6,8
2026-10-02,Hebbal,Snacks,33,8.532,10.224,9.045,0.121,0.03,3,6
2026-10-02,Indiranagar,Breakfast,8,7.196,8.558,8.046,0.0,0.0,2,2
2026-10-02,Indiranagar,Dinner,145,9.16,10.918,9.269,0.021,0.021,8,11
2026-10-02,Indiranagar,Late night,39,8.333,10.195,8.365,0.0,0.0,3,5
2026-10-02,Indiranagar,Lunch,71,8.203,9.714,8.305,0.0,0.0,7,7
2026-10-02,Indiranagar,Snacks,43,7.669,9.165,7.464,0.07,0.047,3,6
2026-10-02,JP Nagar,Breakfast,12,7.606,8.977,8.058,0.0,0.0,2,1
2026-10-02,JP Nagar,Dinner,117,9.22,11.041,9.198,0.017,0.009,7,12
2026-10-02,JP Nagar,Late night,24,6.648,7.909,6.708,0.042,0.0,3,3
2026-10-02,JP Nagar,Lunch,80,8.522,10.146,8.599,0.0,0.012,6,7
2026-10-02,JP Nagar,Snacks,30,6.792,8.029,6.807,0.0,0.0,3,3
2026-10-02,Jayanagar,Breakfast,17,7.587,9.031,7.176,0.0,0.0,2,2
2026-10-02,Jayanagar,Dinner,139,15.563,18.171,16.71,0.525,0.504,7,25
2026-10-02,Jayanagar,Late night,42,9.131,11.179,8.988,0.048,0.071,3,6
2026-10-02,Jayanagar,Lunch,63,7.938,9.444,8.194,0.0,0.0,6,8
2026-10-02,Jayanagar,Snacks,34,6.899,8.223,6.878,0.029,0.0,3,4
2026-10-02,Koramangala,Breakfast,9,7.737,9.103,7.807,0.0,0.0,2,1
2026-10-02,Koramangala,Dinner,178,10.062,12.008,10.153,0.067,0.045,9,17
2026-10-02,Koramangala,Late night,47,7.518,8.985,7.31,0.0,0.021,4,5
2026-10-02,Koramangala,Lunch,75,8.359,9.901,8.511,0.013,0.0,8,8
2026-10-02,Koramangala,Snacks,55,8.917,10.659,8.97,0.091,0.145,4,8
2026-10-02,Marathahalli,Breakfast,18,11.155,13.304,11.777,0.278,0.278,2,5
2026-10-02,Marathahalli,Dinner,140,8.937,10.65,8.764,0.014,0.007,7,11
2026-10-02,Marathahalli,Late night,37,8.251,9.986,8.429,0.0,0.0,3,3
2026-10-02,Marathahalli,Lunch,72,8.295,9.864,8.476,0.014,0.0,6,8
2026-10-02,Marathahalli,Snacks,26,6.471,7.6,6.584,0.0,0.0,3,3
2026-10-02,Whitefield,Breakfast,14,8.399,10.079,8.431,0.071,0.0,2,3
2026-10-02,Whitefield,Dinner,146,26.113,33.244,26.896,0.658,0.651,5,34
2026-10-02,Whitefield,Late night,41,9.388,11.49,9.939,0.098,0.073,3,5
2026-10-02,Whitefield,Lunch,63,8.766,10.478,8.642,0.016,0.016,6,8
2026-10-02,Whitefield,Snacks,33,6.829,8.158,6.546,0.0,0.0,3,4
2026-10-03,Bellandur,Breakfast,11,7.916,9.445,8.508,0.0,0.0,2,2
2026-10-03,Bellandur,Dinner,114,8.862,10.569,9.028,0.026,0.026,7,10
2026-10-03,Bellandur,Late night,36,7.635,9.252,7.829,0.0,0.0,3,4
2026-10-03,Bellandur,Lunch,45,8.176,9.655,8.01,0.0,0.0,6,4
2026-10-03,Bellandur,Snacks,32,6.615,7.835,6.442,0.0,0.0,3,3
2026-10-03,Electronic City,Breakfast,10,7.175,8.458,7.527,0.0,0.0,2,1
2026-10-03,Electronic City,Dinner,75,8.657,10.308,8.989,0.04,0.0,7,8
2026-10-03,Electronic City,Late night,16,7.536,8.913,8.234,0.062,0.0,3,3
2026-10-03,Electronic City,Lunch,38,8.458,10.037,8.462,0.0,0.0,6,4
2026-10-03,Electronic City,Snacks,18,6.584,7.783,7.073,0.0,0.0,3,2
2026-10-03,HSR Layout,Breakfast,17,7.564,9.34,7.709,0.0,0.0,2,2
2026-10-03,HSR Layout,Dinner,142,8.465,10.137,8.503,0.014,0.014,8,13
2026-10-03,HSR Layout,Late night,49,10.75,12.914,10.779,0.265,0.245,3,8
2026-10-03,HSR Layout,Lunch,58,8.096,9.608,8.144,0.017,0.034,7,6
2026-10-03,HSR Layout,Snacks,39,6.612,7.948,6.741,0.0,0.0,3,4
2026-10-03,Hebbal,Breakfast,7,7.746,9.182,7.339,0.0,0.0,2,1
2026-10-03,Hebbal,Dinner,114,8.87,10.599,8.97,0.053,0.026,7,11
2026-10-03,Hebbal,Late night,22,7.08,8.398,7.518,0.0,0.0,3,2
2026-10-03,Hebbal,Lunch,45,8.295,9.847,8.304,0.0,0.0,6,6
2026-10-03,Hebbal,Snacks,24,8.362,10.074,9.362,0.125,0.042,3,5
2026-10-03,Indiranagar,Breakfast,16,7.207,8.549,7.308,0.0,0.0,2,2
2026-10-03,Indiranagar,Dinner,163,12.375,14.462,12.513,0.288,0.258,8,20
2026-10-03,Indiranagar,Late night,33,8.827,10.814,9.22,0.061,0.0,3,5
2026-10-03,Indiranagar,Lunch,74,8.624,10.274,8.778,0.0,0.0,7,9
2026-10-03,Indiranagar,Snacks,34,7.212,8.59,7.512,0.0,0.0,3,4
2026-10-03,JP Nagar,Breakfast,13,8.844,10.482,8.624,0.154,0.154,2,5
2026-10-03,JP Nagar,Dinner,128,9.274,11.112,9.037,0.023,0.016,7,11
2026-10-03,JP Nagar,Late night,36,8.311,10.098,8.485,0.0,0.028,3,4
2026-10-03,JP Nagar,Lunch,54,8.372,9.942,8.05,0.0,0.0,6,5
2026-10-03,JP Nagar,Snacks,25,5.712,6.739,5.86,0.0,0.0,3,3
2026-10-03,Jayanagar,Breakfast,10,7.162,8.546,7.736,0.0,0.0,2,2
2026-10-03,Jayanagar,Dinner,117,9.692,11.603,10.181,0.085,0.026,7,13
2026-10-03,Jayanagar,Late night,36,9.155,11.094,9.283,0.056,0.111,3,6
2026-10-03,Jayanagar,Lunch,39,8.037,9.513,7.996,0.026,0.026,6,4
2026-10-03,Jayanagar,Snacks,23,6.215,7.306,6.667,0.0,0.0,3,2
2026-10-03,Koramangala,Breakfast,12,7.218,8.542,7.045,0.0,0.0,2,2
2026-10-03,Koramangala,Dinner,151,9.868,11.71,10.026,0.079,0.079,9,21
2026-10-03,Koramangala,Late night,35,7.787,9.29,8.025,0.0,0.0,4,4
2026-10-03,Koramangala,Lunch,71,8.349,9.909,8.513,0.028,0.0,8,9
2026-10-03,Koramangala,Snacks,40,7.3,8.758,7.194,0.0,0.0,4,5
2026-10-03,Marathahalli,Breakfast,10,7.665,9.06,8.088,0.0,0.0,2,2
2026-10-03,Marathahalli,Dinner,110,8.614,10.262,8.686,0.027,0.027,7,9
2026-10-03,Marathahalli,Late night,36,7.91,9.624,7.693,0.0,0.0,3,4
2026-10-03,Marathahalli,Lunch,64,8.132,9.648,8.069,0.0,0.0,6,8
2026-10-03,Marathahalli,Snacks,35,7.72,9.307,7.667,0.057,0.0,3,6
2026-10-03,Whitefield,Breakfast,11,7.606,9.096,7.646,0.0,0.0,2,2
2026-10-03,Whitefield,Dinner,115,21.197,24.628,20.781,0.67,0.652,5,21
2026-10-03,Whitefield,Late night,36,9.087,10.988,8.978,0.139,0.056,3,7
2026-10-03,Whitefield,Lunch,64,8.205,9.793,8.438,0.016,0.016,6,6
2026-10-03,Whitefield,Snacks,29,7.138,8.567,7.176,0.0,0.034,3,4
2026-10-04,Bellandur,Breakfast,11,7.722,9.133,7.83,0.0,0.0,2,1
2026-10-04,Bellandur,Dinner,127,9.326,11.138,9.571,0.079,0.047,7,14
2026-10-04,Bellandur,Late night,29,8.119,9.876,8.116,0.0,0.034,3,3
2026-10-04,Bellandur,Lunch,44,8.104,9.638,8.476,0.045,0.0,6,7
2026-10-04,Bellandur,Snacks,33,6.834,8.223,7.166,0.0,0.0,3,5
2026-10-04,Electronic City,Breakfast,8,7.167,8.492,7.711,0.0,0.0,2,1
2026-10-04,Electronic City,Dinner,74,8.633,10.299,8.865,0.041,0.027,7,11
2026-10-04,Electronic City,Late night,20,6.215,7.36,6.152,0.0,0.0,3,2
2026-10-04,Electronic City,Lunch,27,7.991,9.506,8.04,0.0,0.0,6,3
2026-10-04,Electronic City,Snacks,12,7.634,9.096,8.162,0.0,0.0,3,2
2026-10-04,HSR Layout,Breakfast,13,8.088,9.919,8.588,0.0,0.0,2,3
2026-10-04,HSR Layout,Dinner,124,9.043,10.846,9.169,0.04,0.008,8,13
2026-10-04,HSR Layout,Late night,32,7.324,8.792,7.331,0.031,0.031,3,3
2026-10-04,HSR Layout,Lunch,69,8.256,9.815,8.426,0.029,0.014,7,7
2026-10-04,HSR Layout,Snacks,32,7.077,8.442,7.526,0.031,0.0,3,3
2026-10-04,Hebbal,Breakfast,9,7.121,8.352,6.654,0.0,0.0,2,0
2026-10-04,Hebbal,Dinner,112,8.471,10.116,8.484,0.009,0.009,7,9
2026-10-04,Hebbal,Late night,28,6.688,7.905,6.826,0.0,0.0,3,2
2026-10-04,Hebbal,Lunch,39,8.42,10.023,8.468,0.026,0.026,6,4
2026-10-04,Hebbal,Snacks,24,6.829,8.09,7.007,0.0,0.0,3,4
2026-10-04,Indiranagar,Breakfast,14,7.855,9.352,8.063,0.0,0.0,2,2
2026-10-04,Indiranagar,Dinner,135,9.105,10.796,8.986,0.022,0.007,8,15
2026-10-04,Indiranagar,Late night,47,12.328,14.669,12.314,0.319,0.277,3,10
2026-10-04,Indiranagar,Lunch,71,8.918,10.623,8.976,0.014,0.0,7,11
2026-10-04,Indiranagar,Snacks,36,6.585,7.794,6.761,0.0,0.0,3,3
2026-10-04,JP Nagar,Breakfast,13,7.685,9.086,7.813,0.0,0.0,2,1
2026-10-04,JP Nagar,Dinner,105,8.81,10.557,9.167,0.029,0.01,7,10
2026-10-04,JP Nagar,Late night,31,8.894,10.73,8.737,0.0,0.032,3,5
2026-10-04,JP Nagar,Lunch,51,8.138,9.708,8.245,0.0,0.0,6,7
2026-10-04,JP Nagar,Snacks,30,7.392,8.9,7.398,0.0,0.0,3,4
2026-10-04,Jayanagar,Breakfast,7,7.754,9.174,7.866,0.0,0.0,2,1
2026-10-04,Jayanagar,Dinner,108,9.027,10.819,9.455,0.046,0.009,7,12
2026-10-04,Jayanagar,Late night,32,8.48,10.244,8.797,0.062,0.062,3,6
2026-10-04,Jayanagar,Lunch,53,8.291,9.86,8.337,0.019,0.057,6,6
2026-10-04,Jayanagar,Snacks,28,6.904,8.234,6.878,0.036,0.036,3,4
2026-10-04,Koramangala,Breakfast,17,7.2,8.679,7.266,0.0,0.0,2,2
2026-10-04,Koramangala,Dinner,167,8.771,10.492,8.651,0.018,0.024,9,12
2026-10-04,Koramangala,Late night,39,7.535,9.077,7.788,0.051,0.051,4,5
2026-10-04,Koramangala,Lunch,68,8.189,9.748,8.11,0.0,0.0,8,9
2026-10-04,Koramangala,Snacks,46,8.219,9.886,8.371,0.065,0.065,4,6
2026-10-04,Marathahalli,Breakfast,9,7.937,9.709,8.647,0.0,0.0,2,3
2026-10-04,Marathahalli,Dinner,116,8.721,10.389,8.726,0.026,0.026,7,10
2026-10-04,Marathahalli,Late night,38,7.495,9.086,7.628,0.053,0.0,3,4
2026-10-04,Marathahalli,Lunch,55,8.416,10.016,8.555,0.0,0.0,6,7
2026-10-04,Marathahalli,Snacks,28,6.911,8.282,7.406,0.036,0.036,3,4
2026-10-04,Whitefield,Breakfast,11,8.431,10.221,8.551,0.0,0.0,2,2
2026-10-04,Whitefield,Dinner,121,13.431,17.113,13.672,0.413,0.355,5,13
2026-10-04,Whitefield,Late night,28,7.804,9.478,7.778,0.036,0.0,3,5
2026-10-04,Whitefield,Lunch,65,8.172,9.745,8.161,0.0,0.015,6,9
2026-10-04,Whitefield,Snacks,34,9.275,11.163,9.707,0.029,0.029,3,6
2026-10-05,Bellandur,Breakfast,18,7.586,9.115,8.096,0.0,0.0,2,3
2026-10-05,Bellandur,Dinner,116,9.075,10.824,9.099,0.034,0.034,7,10
2026-10-05,Bellandur,Late night,24,7.012,8.377,7.028,0.0,0.0,3,3
2026-10-05,Bellandur,Lunch,74,8.189,9.695,8.353,0.0,0.0,6,7
2026-10-05,Bellandur,Snacks,24,8.412,10.133,8.844,0.083,0.0,3,5
2026-10-05,Electronic City,Breakfast,17,7.294,8.83,7.599,0.0,0.0,2,3
2026-10-05,Electronic City,Dinner,62,8.432,10.014,8.345,0.0,0.0,7,7
2026-10-05,Electronic City,Late night,13,7.445,8.809,7.172,0.0,0.0,3,2
2026-10-05,Electronic City,Lunch,56,8.53,10.175,8.482,0.0,0.0,6,9
2026-10-05,Electronic City,Snacks,20,7.054,8.308,7.31,0.05,0.05,3,3
2026-10-05,HSR Layout,Breakfast,19,8.041,9.738,8.195,0.0,0.0,2,2
2026-10-05,HSR Layout,Dinner,109,8.383,9.971,8.373,0.0,0.0,8,9
2026-10-05,HSR Layout,Late night,28,8.585,10.301,8.495,0.071,0.071,3,4
2026-10-05,HSR Layout,Lunch,90,8.348,9.927,8.505,0.011,0.0,7,10
2026-10-05,HSR Layout,Snacks,30,7.328,8.759,7.604,0.0,0.0,3,5
2026-10-05,Hebbal,Breakfast,13,7.655,9.161,7.434,0.0,0.0,2,2
2026-10-05,Hebbal,Dinner,94,8.584,10.187,8.802,0.032,0.021,7,7
2026-10-05,Hebbal,Late night,22,7.669,9.221,7.745,0.0,0.0,3,4
2026-10-05,Hebbal,Lunch,72,9.819,11.597,9.935,0.097,0.056,6,13
2026-10-05,Hebbal,Snacks,15,6.917,8.188,7.274,0.067,0.0,3,2
2026-10-05,Indiranagar,Breakfast,18,9.914,11.631,11.172,0.333,0.167,2,4
2026-10-05,Indiranagar,Dinner,108,9.1,10.803,9.032,0.028,0.037,8,9
2026-10-05,Indiranagar,Late night,28,8.814,10.519,9.091,0.036,0.036,3,3
2026-10-05,Indiranagar,Lunch,103,9.349,11.142,9.134,0.039,0.029,7,14
2026-10-05,Indiranagar,Snacks,33,8.461,10.2,8.372,0.03,0.0,3,3
2026-10-05,JP Nagar,Breakfast,18,8.095,9.681,7.865,0.056,0.0,2,2
2026-10-05,JP Nagar,Dinner,101,9.18,10.955,9.334,0.059,0.04,7,10
2026-10-05,JP Nagar,Late night,23,7.123,8.53,7.139,0.0,0.0,3,3
2026-10-05,JP Nagar,Lunch,77,8.744,10.399,8.645,0.013,0.0,6,10
2026-10-05,JP Nagar,Snacks,17,6.88,8.126,6.85,0.059,0.0,3,2
2026-10-05,Jayanagar,Breakfast,25,7.795,9.334,7.94,0.0,0.0,2,2
2026-10-05,Jayanagar,Dinner,92,8.45,10.03,8.572,0.011,0.011,7,8
2026-10-05,Jayanagar,Late night,29,9.15,10.909,9.999,0.138,0.069,3,7
2026-10-05,Jayanagar,Lunch,71,8.192,9.767,8.354,0.0,0.0,6,7
2026-10-05,Jayanagar,Snacks,19,7.255,8.647,7.185,0.0,0.0,3,3
2026-10-05,Koramangala,Breakfast,28,11.43,13.81,11.41,0.25,0.25,2,6
2026-10-05,Koramangala,Dinner,124,8.952,10.662,9.084,0.016,0.016,9,14
2026-10-05,Koramangala,Late night,31,7.204,8.582,7.365,0.0,0.0,4,4
2026-10-05,Koramangala,Lunch,108,8.879,10.665,9.018,0.019,0.009,8,16
2026-10-05,Koramangala,Snacks,41,6.752,7.94,6.794,0.0,0.024,4,4
2026-10-05,Marathahalli,Breakfast,13,7.225,8.57,7.064,0.0,0.0,2,2
2026-10-05,Marathahalli,Dinner,92,8.893,10.6,9.002,0.0,0.011,7,9
2026-10-05,Marathahalli,Late night,32,7.227,8.622,7.32,0.0,0.0,3,4
2026-10-05,Marathahalli,Lunch,83,9.142,10.939,9.357,0.036,0.024,6,10
2026-10-05,Marathahalli,Snacks,28,7.894,9.488,8.31,0.036,0.0,3,4
2026-10-05,Whitefield,Breakfast,20,6.865,8.207,6.552,0.0,0.0,2,2
2026-10-05,Whitefield,Dinner,104,11.516,14.445,11.429,0.231,0.221,5,13
2026-10-05,Whitefield,Late night,35,7.719,9.377,7.927,0.0,0.0,3,3
2026-10-05,Whitefield,Lunch,81,10.399,12.319,10.898,0.086,0.049,6,12
2026-10-05,Whitefield,Snacks,36,6.978,8.408,7.345,0.0,0.0,3,4
2026-10-06,Bellandur,Breakfast,17,8.627,10.379,8.518,0.0,0.0,2,3
2026-10-06,Bellandur,Dinner,80,8.579,10.157,8.746,0.025,0.038,7,7
2026-10-06,Bellandur,Late night,21,8.293,9.772,8.709,0.048,0.048,3,2
2026-10-06,Bellandur,Lunch,67,7.975,9.452,8.193,0.015,0.015,6,7
2026-10-06,Bellandur,Snacks,24,6.812,8.033,6.625,0.0,0.0,3,3
2026-10-06,Electronic City,Breakfast,8,6.987,8.236,6.724,0.0,0.0,2,1
2026-10-06,Electronic City,Dinner,52,8.103,9.589,7.992,0.0,0.0,7,6
2026-10-06,Electronic City,Late night,8,9.322,11.122,9.691,0.0,0.0,3,2
2026-10-06,Electronic City,Lunch,36,7.508,8.932,7.516,0.0,0.0,6,6
2026-10-06,Electronic City,Snacks,22,6.266,7.409,6.525,0.0,0.0,3,3
2026-10-06,HSR Layout,Breakfast,24,8.332,10.132,8.46,0.083,0.083,2,4
2026-10-06,HSR Layout,Dinner,120,9.3,11.11,9.561,0.058,0.017,8,14
2026-10-06,HSR Layout,Late night,29,8.441,10.077,8.779,0.034,0.0,3,4
2026-10-06,HSR Layout,Lunch,78,8.931,10.698,9.022,0.0,0.013,7,11
2026-10-06,HSR Layout,Snacks,28,7.179,8.634,7.323,0.0,0.0,3,4
2026-10-06,Hebbal,Breakfast,15,7.416,9.023,7.617,0.0,0.0,2,2
2026-10-06,Hebbal,Dinner,70,7.998,9.456,7.83,0.0,0.0,7,7
2026-10-06,Hebbal,Late night,18,7.89,9.433,8.145,0.056,0.056,3,3
2026-10-06,Hebbal,Lunch,81,9.151,10.895,9.421,0.074,0.062,6,13
2026-10-06,Hebbal,Snacks,15,7.322,8.814,7.473,0.0,0.0,3,3
2026-10-06,Indiranagar,Breakfast,14,7.202,8.476,7.615,0.0,0.0,2,1
2026-10-06,Indiranagar,Dinner,116,8.782,10.464,9.064,0.009,0.009,8,14
2026-10-06,Indiranagar,Late night,27,7.587,8.98,7.589,0.0,0.0,3,3
2026-10-06,Indiranagar,Lunch,86,9.279,10.987,8.953,0.035,0.047,7,14
2026-10-06,Indiranagar,Snacks,28,6.634,7.795,6.779,0.0,0.0,3,2
2026-10-06,JP Nagar,Breakfast,19,7.494,8.92,7.484,0.0,0.0,2,2
2026-10-06,JP Nagar,Dinner,99,8.311,9.864,8.084,0.02,0.01,7,7
2026-10-06,JP Nagar,Late night,26,6.818,8.164,6.813,0.0,0.038,3,3
2026-10-06,JP Nagar,Lunch,71,8.905,10.674,8.966,0.028,0.014,6,9
2026-10-06,JP Nagar,Snacks,22,7.168,8.567,7.205,0.0,0.0,3,3
2026-10-06,Jayanagar,Breakfast,23,6.891,8.406,7.098,0.0,0.0,2,2
2026-10-06,Jayanagar,Dinner,70,8.493,10.079,8.614,0.0,0.014,7,6
2026-10-06,Jayanagar,Late night,22,6.794,8.027,7.097,0.0,0.0,3,2
2026-10-06,Jayanagar,Lunch,84,9.284,11.052,9.32,0.048,0.048,6,10
2026-10-06,Jayanagar,Snacks,24,6.003,7.058,5.919,0.0,0.0,3,2
2026-10-06,Koramangala,Breakfast,24,8.529,10.311,8.354,0.0,0.0,2,4
2026-10-06,Koramangala,Dinner,115,8.855,10.575,9.178,0.026,0.026,9,13
2026-10-06,Koramangala,Late night,26,7.429,8.853,7.653,0.038,0.038,4,4
2026-10-06,Koramangala,Lunch,96,8.253,9.782,8.369,0.031,0.021,8,9
2026-10-06,Koramangala,Snacks,27,6.556,7.839,6.63,0.0,0.0,4,5
2026-10-06,Marathahalli,Breakfast,18,7.379,8.753,7.206,0.0,0.0,2,2
2026-10-06,Marathahalli,Dinner,102,8.302,9.87,8.242,0.029,0.01,7,8
2026-10-06,Marathahalli,Late night,21,6.594,7.795,6.962,0.0,0.0,3,2
2026-10-06,Marathahalli,Lunch,81,8.401,10.005,8.371,0.0,0.0,6,7
2026-10-06,Marathahalli,Snacks,34,7.193,8.558,7.137,0.0,0.0,3,3
2026-10-06,Whitefield,Breakfast,26,9.751,11.98,9.638,0.077,0.115,2,6
2026-10-06,Whitefield,Dinner,90,11.049,13.535,11.153,0.189,0.144,5,10
2026-10-06,Whitefield,Late night,25,8.049,9.833,8.28,0.08,0.0,3,5
2026-10-06,Whitefield,Lunch,81,9.832,11.722,10.072,0.099,0.062,6,14
2026-10-06,Whitefield,Snacks,30,5.909,7.034,5.995,0.0,0.0,3,3
2026-10-07,Bellandur,Breakfast,18,7.817,9.616,7.801,0.0,0.0,2,3
2026-10-07,Bellandur,Dinner,107,8.561,10.173,8.776,0.019,0.009,7,8
2026-10-07,Bellandur,Late night,28,7.83,9.302,8.058,0.107,0.071,3,3
2026-10-07,Bellandur,Lunch,83,9.28,10.99,9.486,0.024,0.0,6,9
2026-10-07,Bellandur,Snacks,28,7.55,9.037,7.364,0.0,0.0,3,4
2026-10-07,Electronic City,Breakfast,8,7.642,9.1,7.596,0.0,0.0,2,2
2026-10-07,Electronic City,Dinner,54,8.41,9.991,8.416,0.019,0.0,7,7
2026-10-07,Electronic City,Late night,16,6.767,7.988,6.563,0.0,0.0,3,1
2026-10-07,Electronic City,Lunch,46,7.941,9.431,8.245,0.0,0.0,6,4
2026-10-07,Electronic City,Snacks,15,6.743,7.984,7.237,0.0,0.0,3,2
2026-10-07,HSR Layout,Breakfast,14,7.577,8.907,7.593,0.0,0.0,2,1
2026-10-07,HSR Layout,Dinner,108,8.451,10.038,8.619,0.019,0.019,8,8
2026-10-07,HSR Layout,Late night,16,6.901,8.112,6.786,0.062,0.062,3,2
2026-10-07,HSR Layout,Lunch,85,8.624,10.265,8.682,0.0,0.0,7,8
2026-10-07,HSR Layout,Snacks,40,7.204,8.655,7.587,0.025,0.025,3,4
2026-10-07,Hebbal,Breakfast,16,7.354,8.768,7.352,0.0,0.0,2,2
2026-10-07,Hebbal,Dinner,91,8.687,10.326,8.62,0.044,0.033,7,9
2026-10-07,Hebbal,Late night,13,8.06,9.576,8.065,0.0,0.0,3,2
2026-10-07,Hebbal,Lunch,62,8.56,10.233,8.647,0.0,0.016,6,8
2026-10-07,Hebbal,Snacks,29,8.328,9.935,8.569,0.034,0.069,3,6
2026-10-07,Indiranagar,Breakfast,22,8.489,10.364,8.203,0.0,0.0,2,3
2026-10-07,Indiranagar,Dinner,118,9.027,10.764,9.168,0.034,0.008,8,11
2026-10-07,Indiranagar,Late night,33,7.924,9.486,7.916,0.03,0.03,3,4
2026-10-07,Indiranagar,Lunch,82,8.291,9.851,8.187,0.0,0.0,7,9
2026-10-07,Indiranagar,Snacks,25,6.846,8.119,6.634,0.0,0.0,3,3
2026-10-07,JP Nagar,Breakfast,16,8.316,10.108,8.471,0.0,0.0,2,3
2026-10-07,JP Nagar,Dinner,84,8.61,10.243,8.852,0.012,0.012,7,9
2026-10-07,JP Nagar,Late night,18,7.803,9.324,7.682,0.0,0.0,3,5
2026-10-07,JP Nagar,Lunch,74,11.008,12.816,11.158,0.23,0.216,6,14
2026-10-07,JP Nagar,Snacks,21,7.069,8.432,7.128,0.0,0.095,3,4
2026-10-07,Jayanagar,Breakfast,18,7.45,8.883,7.499,0.0,0.0,2,2
2026-10-07,Jayanagar,Dinner,113,9.644,11.517,9.76,0.044,0.044,7,14
2026-10-07,Jayanagar,Late night,19,7.619,9.213,7.838,0.0,0.0,3,3
2026-10-07,Jayanagar,Lunch,66,7.781,9.267,7.814,0.015,0.015,6,7
2026-10-07,Jayanagar,Snacks,33,6.797,8.042,7.208,0.03,0.0,3,4
2026-10-07,Koramangala,Breakfast,23,10.521,12.635,10.846,0.13,0.13,2,5
2026-10-07,Koramangala,Dinner,110,7.85,9.309,7.897,0.009,0.0,9,9
2026-10-07,Koramangala,Late night,28,6.922,8.28,7.209,0.036,0.0,4,5
2026-10-07,Koramangala,Lunch,97,8.274,9.823,8.522,0.01,0.01,8,9
2026-10-07,Koramangala,Snacks,45,7.336,8.759,7.168,0.022,0.0,4,7
2026-10-07,Marathahalli,Breakfast,15,7.84,9.338,8.345,0.0,0.0,2,2
2026-10-07,Marathahalli,Dinner,90,10.072,11.956,10.621,0.111,0.044,7,13
2026-10-07,Marathahalli,Late night,21,7.094,8.406,7.521,0.0,0.0,3,3
2026-10-07,Marathahalli,Lunch,73,8.469,10.107,8.508,0.0,0.014,6,8
2026-10-07,Marathahalli,Snacks,26,7.836,9.374,8.14,0.0,0.0,3,3
2026-10-07,Whitefield,Breakfast,23,7.642,9.422,7.398,0.0,0.0,2,3
2026-10-07,Whitefield,Dinner,105,9.296,11.567,9.466,0.095,0.067,5,10
2026-10-07,Whitefield,Late night,17,7.946,9.445,7.711,0.0,0.059,3,3
2026-10-07,Whitefield,Lunch,71,9.334,11.124,9.492,0.028,0.028,6,9
2026-10-07,Whitefield,Snacks,28,6.574,7.761,6.926,0.036,0.0,3,2
2026-10-08,Bellandur,Breakfast,11,6.937,8.148,6.889,0.0,0.0,2,1
2026-10-08,Bellandur,Dinner,98,8.694,10.303,8.932,0.061,0.041,7,10
2026-10-08,Bellandur,Late night,31,8.059,9.567,8.125,0.032,0.0,3,3
2026-10-08,Bellandur,Lunch,92,9.391,11.235,9.296,0.022,0.022,6,10
2026-10-08,Bellandur,Snacks,22,8.345,10.234,8.54,0.091,0.045,3,5
2026-10-08,Electronic City,Breakfast,14,7.466,8.807,7.296,0.0,0.0,2,1
2026-10-08,Electronic City,Dinner,59,8.178,9.697,8.292,0.017,0.0,7,7
2026-10-08,Electronic City,Late night,17,6.895,8.142,6.772,0.0,0.0,3,2
2026-10-08,Electronic City,Lunch,47,8.146,9.735,8.063,0.0,0.0,6,8
2026-10-08,Electronic City,Snacks,18,6.218,7.382,6.523,0.056,0.056,3,3
2026-10-08,HSR Layout,Breakfast,15,7.951,9.551,8.058,0.0,0.0,2,3
2026-10-08,HSR Layout,Dinner,118,8.648,10.303,8.635,0.008,0.017,8,10
2026-10-08,HSR Layout,Late night,23,8.007,9.547,7.908,0.0,0.0,3,3
2026-10-08,HSR Layout,Lunch,94,8.513,10.172,8.454,0.0,0.011,7,10
2026-10-08,HSR Layout,Snacks,33,7.176,8.651,7.519,0.03,0.03,3,4
2026-10-08,Hebbal,Breakfast,13,8.625,10.308,8.93,0.0,0.0,2,2
2026-10-08,Hebbal,Dinner,78,8.577,10.195,8.61,0.0,0.0,7,8
2026-10-08,Hebbal,Late night,29,7.466,8.982,7.521,0.069,0.0,3,4
2026-10-08,Hebbal,Lunch,68,8.206,9.791,8.625,0.015,0.0,6,7
2026-10-08,Hebbal,Snacks,21,7.378,8.722,6.881,0.0,0.0,3,3
2026-10-08,Indiranagar,Breakfast,14,6.941,8.237,6.864,0.0,0.0,2,2
2026-10-08,Indiranagar,Dinner,125,9.076,10.868,9.216,0.064,0.032,8,12
2026-10-08,Indiranagar,Late night,38,7.653,9.277,7.843,0.053,0.0,3,5
2026-10-08,Indiranagar,Lunch,110,9.488,11.293,9.247,0.027,0.027,7,13
2026-10-08,Indiranagar,Snacks,25,6.333,7.45,6.371,0.0,0.0,3,2
2026-10-08,JP Nagar,Breakfast,12,7.515,8.942,7.889,0.0,0.0,2,2
2026-10-08,JP Nagar,Dinner,93,8.442,10.07,8.518,0.011,0.011,7,9
2026-10-08,JP Nagar,Late night,27,7.422,8.842,7.445,0.0,0.0,3,3
2026-10-08,JP Nagar,Lunch,72,8.437,10.047,8.557,0.028,0.014,6,8
2026-10-08,JP Nagar,Snacks,16,7.058,8.322,7.041,0.0,0.0,3,2
2026-10-08,Jayanagar,Breakfast,14,9.248,11.17,9.676,0.071,0.071,2,3
2026-10-08,Jayanagar,Dinner,94,8.353,9.959,8.454,0.032,0.0,7,8
2026-10-08,Jayanagar,Late night,31,7.875,9.437,8.121,0.065,0.0,3,3
2026-10-08,Jayanagar,Lunch,93,9.224,10.946,9.363,0.075,0.032,6,11
2026-10-08,Jayanagar,Snacks,33,6.768,8.047,6.834,0.0,0.03,3,4
2026-10-08,Koramangala,Breakfast,28,7.475,8.919,7.692,0.0,0.0,2,3
2026-10-08,Koramangala,Dinner,113,8.46,10.051,8.754,0.027,0.0,9,11
2026-10-08,Koramangala,Late night,39,8.402,10.008,8.195,0.026,0.0,4,5
2026-10-08,Koramangala,Lunch,114,8.265,9.881,8.343,0.009,0.0,8,10
2026-10-08,Koramangala,Snacks,36,6.543,7.707,6.716,0.0,0.0,4,4
2026-10-08,Marathahalli,Breakfast,17,7.963,9.423,7.666,0.0,0.0,2,3
2026-10-08,Marathahalli,Dinner,103,8.245,9.788,8.281,0.01,0.019,7,8
2026-10-08,Marathahalli,Late night,22,7.654,9.24,7.684,0.045,0.045,3,3
2026-10-08,Marathahalli,Lunch,80,8.763,10.515,8.824,0.012,0.0,6,9
2026-10-08,Marathahalli,Snacks,22,6.731,7.956,7.036,0.0,0.0,3,3
2026-10-08,Whitefield,Breakfast,20,8.723,10.624,9.108,0.05,0.0,2,4
2026-10-08,Whitefield,Dinner,114,18.148,22.072,17.877,0.588,0.588,5,20
2026-10-08,Whitefield,Late night,29,8.099,9.754,8.392,0.034,0.0,3,5
2026-10-08,Whitefield,Lunch,78,8.844,10.618,9.01,0.013,0.013,6,9
2026-10-08,Whitefield,Snacks,30,7.1,8.523,6.911,0.0,0.0,3,4
