kitchen,slot,stations_planned,forecast_orders,pred_prep_planned,pred_late_planned,pred_prep_plus1,pred_late_plus1,pred_prep_plus2,pred_late_plus2
Bellandur,Breakfast,2,16.616,8.037,0.0,7.732,0.0,7.69,0.0
Bellandur,Dinner,7,115.63,9.184,0.036,8.84,0.019,8.679,0.013
Bellandur,Late night,3,29.106,8.254,0.021,7.956,0.028,7.44,0.003
Bellandur,Lunch,6,66.51,8.5,0.007,8.29,0.004,8.267,0.007
Bellandur,Snacks,3,27.658,7.55,0.029,7.352,0.009,7.139,0.01
Electronic City,Breakfast,2,11.412,7.622,0.0,7.484,0.0,7.356,0.0
Electronic City,Dinner,7,68.555,8.25,0.015,8.373,0.017,8.396,0.017
Electronic City,Late night,3,19.302,6.935,0.011,7.121,0.013,6.867,0.029
Electronic City,Lunch,6,41.263,8.289,0.008,8.179,0.008,8.035,0.0
Electronic City,Snacks,3,18.095,7.271,0.031,6.898,0.026,7.116,0.009
HSR Layout,Breakfast,2,15.666,8.076,0.011,7.392,0.0,7.269,0.0
HSR Layout,Dinner,8,125.626,8.62,0.019,8.627,0.021,8.51,0.017
HSR Layout,Late night,3,34.428,8.691,0.047,8.01,0.017,7.759,0.019
HSR Layout,Lunch,7,86.166,8.883,0.031,8.383,0.007,8.127,0.006
HSR Layout,Snacks,3,31.494,7.271,0.024,6.955,0.006,6.915,0.009
Hebbal,Breakfast,2,15.444,8.028,0.004,7.476,0.0,7.678,0.0
Hebbal,Dinner,7,99.738,8.769,0.02,8.419,0.012,8.413,0.015
Hebbal,Late night,3,30.111,7.861,0.022,7.527,0.016,7.811,0.028
Hebbal,Lunch,6,60.006,8.467,0.013,8.263,0.013,8.145,0.007
Hebbal,Snacks,3,27.23,7.263,0.011,7.379,0.013,7.294,0.009
Indiranagar,Breakfast,2,16.108,7.756,0.009,7.311,0.0,7.353,0.0
Indiranagar,Dinner,8,135.237,9.938,0.102,8.871,0.03,8.587,0.013
Indiranagar,Late night,3,35.89,8.255,0.042,8.027,0.024,7.416,0.017
Indiranagar,Lunch,7,81.252,8.839,0.011,8.436,0.009,8.466,0.012
Indiranagar,Snacks,3,33.099,7.768,0.031,7.418,0.007,6.967,0.011
JP Nagar,Breakfast,2,13.594,7.99,0.005,7.372,0.0,7.362,0.0
JP Nagar,Dinner,7,106.128,9.399,0.061,8.6,0.02,8.298,0.011
JP Nagar,Late night,3,32.643,8.447,0.048,7.497,0.016,7.71,0.01
JP Nagar,Lunch,6,73.709,9.119,0.03,8.332,0.003,8.293,0.009
JP Nagar,Snacks,3,28.442,7.24,0.017,7.06,0.006,6.679,0.008
Jayanagar,Breakfast,2,18.684,7.848,0.004,7.867,0.003,7.548,0.0
Jayanagar,Dinner,7,109.829,9.19,0.041,8.648,0.02,8.204,0.01
Jayanagar,Late night,3,29.224,7.818,0.029,7.503,0.012,7.281,0.013
Jayanagar,Lunch,6,67.115,8.563,0.013,8.231,0.004,8.154,0.007
Jayanagar,Snacks,3,28.076,7.54,0.006,6.781,0.011,6.962,0.007
Koramangala,Breakfast,2,19.294,7.87,0.012,7.531,0.0,7.385,0.0
Koramangala,Dinner,9,133.434,8.724,0.017,8.718,0.019,8.479,0.016
Koramangala,Late night,4,41.881,8.212,0.027,7.658,0.009,7.538,0.013
Koramangala,Lunch,8,86.784,8.477,0.014,8.24,0.006,8.176,0.006
Koramangala,Snacks,4,37.3,6.951,0.009,7.196,0.013,7.037,0.008
Marathahalli,Breakfast,2,14.028,7.389,0.0,7.452,0.0,7.306,0.0
Marathahalli,Dinner,7,116.287,9.561,0.057,9.083,0.025,8.59,0.018
Marathahalli,Late night,3,29.685,7.906,0.031,7.476,0.015,7.421,0.011
Marathahalli,Lunch,6,72.835,8.818,0.026,8.535,0.01,8.188,0.005
Marathahalli,Snacks,3,28.506,7.878,0.043,7.066,0.006,6.968,0.0
Whitefield,Breakfast,2,17.554,7.961,0.0,7.45,0.0,7.579,0.0
Whitefield,Dinner,5,124.971,16.317,0.452,12.59,0.226,9.853,0.091
Whitefield,Late night,3,32.0,8.041,0.019,7.783,0.01,7.315,0.005
Whitefield,Lunch,6,76.327,9.068,0.029,8.709,0.014,8.159,0.006
Whitefield,Snacks,3,29.81,7.219,0.01,7.219,0.009,6.844,0.005
